original_url	local_path	size_bytes
https://images.squarespace-cdn.com/content/v1/605f90c01546194a009043ce/1d772769-5809-43bd-8849-856c4cd08868/C64A0188.jpg	assets/uploads/photography/photography-portraits-01.jpg	309244
https://images.squarespace-cdn.com/content/v1/605f90c01546194a009043ce/d0e47f82-c3c5-4679-85fa-a6978e872f67/C64A0269.jpg	assets/uploads/photography/photography-portraits-02.jpg	292509
https://images.squarespace-cdn.com/content/v1/605f90c01546194a009043ce/f86d2953-a5d1-4c95-89c4-9b0a675ac400/DSC_2867.NEF.jpg	assets/uploads/photography/photography-portraits-03.jpg	221531
https://images.squarespace-cdn.com/content/v1/605f90c01546194a009043ce/c2bcade4-a337-45d4-8204-74f086952785/C64A0174.jpg	assets/uploads/photography/photography-portraits-04.jpg	251932
https://images.squarespace-cdn.com/content/v1/605f90c01546194a009043ce/4a6578f8-b604-43bf-8fc5-57d9151420f1/C64A0958.jpg	assets/uploads/photography/photography-portraits-05.jpg	286683
https://images.squarespace-cdn.com/content/v1/605f90c01546194a009043ce/46c7e306-d003-4f5c-abb7-6275c6f6e9cc/IMG_7262.jpg	assets/uploads/photography/photography-portraits-06.jpg	1019606
https://images.squarespace-cdn.com/content/v1/605f90c01546194a009043ce/2d150265-45e8-469a-a367-aaa35963ea52/IMG_7297.jpg	assets/uploads/photography/photography-portraits-07.jpg	474247
https://images.squarespace-cdn.com/content/v1/605f90c01546194a009043ce/51c762c2-0a2e-426a-9d9b-881bf096eb6d/IMG_2297.JPG	assets/uploads/photography/photography-portraits-08.jpg	240967
https://images.squarespace-cdn.com/content/v1/605f90c01546194a009043ce/c0dc6bc9-7c86-4961-844d-d11edc0ae510/112A8071.jpg	assets/uploads/photography/photography-portraits-09.jpg	751743
https://images.squarespace-cdn.com/content/v1/605f90c01546194a009043ce/848d0a74-7855-4b37-8855-e1d0dae77d30/IMG_5470.CR2.jpg	assets/uploads/photography/photography-portraits-10.jpg	755592
https://images.squarespace-cdn.com/content/v1/605f90c01546194a009043ce/cc07e40d-1b68-47a2-82ba-e1da18ee2f6d/112A8146.jpg	assets/uploads/photography/photography-portraits-11.jpg	1226155
https://images.squarespace-cdn.com/content/v1/605f90c01546194a009043ce/479c590c-6d88-4e52-919e-3e54ee86a01f/IMG_6556.JPG	assets/uploads/photography/photography-portraits-12.jpg	224315
https://images.squarespace-cdn.com/content/v1/605f90c01546194a009043ce/093168eb-d3c1-4244-ab65-cf97dc42ae9e/IMG_0705-2+%281%29.jpg	assets/uploads/photography/photography-portraits-13.jpg	734443
https://images.squarespace-cdn.com/content/v1/605f90c01546194a009043ce/877adda5-a26e-4819-aff0-68dc354c61e9/IMG_8115+%281%29.jpg	assets/uploads/photography/photography-portraits-14.jpg	611458
https://images.squarespace-cdn.com/content/v1/605f90c01546194a009043ce/f3753830-8bd2-4faf-ae09-c62b3fd546aa/Live.jpg	assets/uploads/photography/photography-portraits-15.jpg	638926
https://images.squarespace-cdn.com/content/v1/605f90c01546194a009043ce/62b5fcb3-ecb0-4876-b2bf-fa67d4418b2f/C64A1040.jpg	assets/uploads/photography/photography-documentary-events-01.jpg	139286
https://images.squarespace-cdn.com/content/v1/605f90c01546194a009043ce/5dae7a41-22c4-40e3-b303-caf352a9cc9a/C64A1109.jpg	assets/uploads/photography/photography-documentary-events-02.jpg	480443
https://images.squarespace-cdn.com/content/v1/605f90c01546194a009043ce/5325a4ae-63a8-4154-9332-c46107e416a7/C64A1262.jpg	assets/uploads/photography/photography-documentary-events-03.jpg	358921
https://images.squarespace-cdn.com/content/v1/605f90c01546194a009043ce/68454b5f-eae9-4e15-91a7-372bae7f29e3/C64A1327.jpg	assets/uploads/photography/photography-documentary-events-04.jpg	300077
https://images.squarespace-cdn.com/content/v1/605f90c01546194a009043ce/d84ff58b-4d35-4e1d-b292-d2f2b1ee1704/C64A1517.jpg	assets/uploads/photography/photography-documentary-events-05.jpg	303701
https://images.squarespace-cdn.com/content/v1/605f90c01546194a009043ce/3016d7f5-0e66-4121-9b32-2f35b9105a75/C64A1633.jpg	assets/uploads/photography/photography-documentary-events-06.jpg	306933
https://images.squarespace-cdn.com/content/v1/605f90c01546194a009043ce/db59d45c-043c-4844-b700-9c8fed0d772e/C64A1641.jpg	assets/uploads/photography/photography-documentary-events-07.jpg	409044
https://images.squarespace-cdn.com/content/v1/605f90c01546194a009043ce/ff2f8015-da10-4c00-91af-7396731267cd/C64A1656.jpg	assets/uploads/photography/photography-documentary-events-08.jpg	408600
https://images.squarespace-cdn.com/content/v1/605f90c01546194a009043ce/fe138a44-fda3-45bb-937b-4cbea4c98582/C64A1819.jpg	assets/uploads/photography/photography-documentary-events-09.jpg	404464
https://images.squarespace-cdn.com/content/v1/605f90c01546194a009043ce/f0330b53-9515-4958-bb9f-6fab7b47dbbe/C64A2582.jpg	assets/uploads/photography/photography-documentary-events-10.jpg	314110
https://images.squarespace-cdn.com/content/v1/605f90c01546194a009043ce/558914b2-84b3-48e0-a2d3-7863e3b98bc8/C64A2938.jpg	assets/uploads/photography/photography-documentary-events-11.jpg	264299
https://images.squarespace-cdn.com/content/v1/605f90c01546194a009043ce/f7fd80d2-d633-494d-a42a-66186f92f695/C64A4448.jpg	assets/uploads/photography/photography-documentary-events-12.jpg	498460
https://images.squarespace-cdn.com/content/v1/605f90c01546194a009043ce/f944efa1-3ea9-410a-92cb-54bc18132586/C64A4449.jpg	assets/uploads/photography/photography-documentary-events-13.jpg	394818
https://images.squarespace-cdn.com/content/v1/605f90c01546194a009043ce/a42802c3-2a67-45eb-9f68-687187d71f98/C64A5168.jpg	assets/uploads/photography/photography-documentary-events-14.jpg	471723
https://images.squarespace-cdn.com/content/v1/605f90c01546194a009043ce/0d5181a8-5af4-4035-8476-3d621cda10f7/C64A5189.jpg	assets/uploads/photography/photography-documentary-events-15.jpg	316460
https://images.squarespace-cdn.com/content/v1/605f90c01546194a009043ce/f0bcc967-bd29-4590-861a-dd0c4c99840b/C64A5190.jpg	assets/uploads/photography/photography-nature-still-life-01.jpg	386946
https://images.squarespace-cdn.com/content/v1/605f90c01546194a009043ce/b193945d-5a8f-4641-a1a7-8cf6fbf222af/C64A5197.jpg	assets/uploads/photography/photography-nature-still-life-02.jpg	223208
https://images.squarespace-cdn.com/content/v1/605f90c01546194a009043ce/f2b3caa9-a063-4454-81fe-cab8ea01b4d9/C64A5203.jpg	assets/uploads/photography/photography-nature-still-life-03.jpg	275188
https://images.squarespace-cdn.com/content/v1/605f90c01546194a009043ce/b7d8ea46-72fb-43fc-b276-9e64257b0bd2/C64A5213.jpg	assets/uploads/photography/photography-nature-still-life-04.jpg	417184
https://images.squarespace-cdn.com/content/v1/605f90c01546194a009043ce/98fb7fea-910a-422f-a97d-f6cfea398c21/C64A5214.jpg	assets/uploads/photography/photography-nature-still-life-05.jpg	369785
https://images.squarespace-cdn.com/content/v1/605f90c01546194a009043ce/d06868eb-b98e-410e-b084-0e1bc3206030/C64A5234.jpg	assets/uploads/photography/photography-nature-still-life-06.jpg	194012
https://images.squarespace-cdn.com/content/v1/605f90c01546194a009043ce/48fb58d6-fcd2-45f5-8559-b68cacc487cf/C64A5235.jpg	assets/uploads/photography/photography-nature-still-life-07.jpg	283218
https://images.squarespace-cdn.com/content/v1/605f90c01546194a009043ce/c91a7690-da39-4903-b874-2274c7577321/C64A5237.jpg	assets/uploads/photography/photography-nature-still-life-08.jpg	440289
https://images.squarespace-cdn.com/content/v1/605f90c01546194a009043ce/1dd87aec-3869-42fb-9faa-1e0ffafd55d9/C64A5248.jpg	assets/uploads/photography/photography-nature-still-life-09.jpg	526547
https://images.squarespace-cdn.com/content/v1/605f90c01546194a009043ce/addf0ba8-09e9-43f1-aa4f-8e3c8bce0f5b/C64A5249.jpg	assets/uploads/photography/photography-nature-still-life-10.jpg	270519
https://images.squarespace-cdn.com/content/v1/605f90c01546194a009043ce/d022143d-3462-446f-8190-81403777860a/C64A5260.jpg	assets/uploads/photography/photography-nature-still-life-11.jpg	178594
https://images.squarespace-cdn.com/content/v1/605f90c01546194a009043ce/665d6928-aaab-4075-b552-71815bcef6e9/C64A5273.jpg	assets/uploads/photography/photography-nature-still-life-12.jpg	367994
https://images.squarespace-cdn.com/content/v1/605f90c01546194a009043ce/491630b9-acbc-4e7e-a04b-a8518d2eac6b/C64A5282.jpg	assets/uploads/photography/photography-nature-still-life-13.jpg	293894
https://images.squarespace-cdn.com/content/v1/605f90c01546194a009043ce/b5c8fc22-29ae-4dbe-93bd-270db9ba9036/C64A5337.jpg	assets/uploads/photography/photography-nature-still-life-14.jpg	622881
https://images.squarespace-cdn.com/content/v1/605f90c01546194a009043ce/25a9608c-1ce2-489e-835d-4f81210ccd39/C64A5343-3.jpg	assets/uploads/photography/photography-travel-places-01.jpg	488659
https://images.squarespace-cdn.com/content/v1/605f90c01546194a009043ce/04d02b17-6c16-4771-9a39-4356824c40b4/C64A8037.jpg	assets/uploads/photography/photography-travel-places-02.jpg	192465
https://images.squarespace-cdn.com/content/v1/605f90c01546194a009043ce/117d61ab-c22e-474b-afc1-1d68b57ec164/C64A8039.jpg	assets/uploads/photography/photography-travel-places-03.jpg	247763
https://images.squarespace-cdn.com/content/v1/605f90c01546194a009043ce/f07d392c-c66d-4020-8485-7b7cff95980b/C64A8215.jpg	assets/uploads/photography/photography-travel-places-04.jpg	303309
https://images.squarespace-cdn.com/content/v1/605f90c01546194a009043ce/fa931659-93ab-47d3-a6d9-aa6d74100191/C64A8983.jpg	assets/uploads/photography/photography-travel-places-05.jpg	403123
https://images.squarespace-cdn.com/content/v1/605f90c01546194a009043ce/acbf7331-1ef2-499f-ad90-fabac3208f76/C64A9196.jpg	assets/uploads/photography/photography-travel-places-06.jpg	510342
https://images.squarespace-cdn.com/content/v1/605f90c01546194a009043ce/53d226fa-72d8-4826-bbac-f74aefd12d11/C64A9232.jpg	assets/uploads/photography/photography-travel-places-07.jpg	259239
https://images.squarespace-cdn.com/content/v1/605f90c01546194a009043ce/f2979a96-d35c-4fe3-8c06-3307d210efde/C64A9252.jpg	assets/uploads/photography/photography-travel-places-08.jpg	399031
https://images.squarespace-cdn.com/content/v1/605f90c01546194a009043ce/1544e547-d919-4786-b976-0557d649c096/C64A9769.jpg	assets/uploads/photography/photography-travel-places-09.jpg	313586
https://images.squarespace-cdn.com/content/v1/605f90c01546194a009043ce/e5bfc275-fafd-4ebf-a45e-fb00bedf7de1/C64A9771.jpg	assets/uploads/photography/photography-travel-places-10.jpg	265822
https://images.squarespace-cdn.com/content/v1/605f90c01546194a009043ce/730c60b1-268e-4425-9834-2a2ac17d931c/C64A9937.jpg	assets/uploads/photography/photography-travel-places-11.jpg	379747
https://images.squarespace-cdn.com/content/v1/605f90c01546194a009043ce/45c571a4-ca6f-4000-b77e-d28ed56eb158/C64A9949.jpg	assets/uploads/photography/photography-travel-places-12.jpg	388611
https://images.squarespace-cdn.com/content/v1/605f90c01546194a009043ce/9fc7cbf0-f143-4a77-a2fb-0739d0a258e9/C64A9968.jpg	assets/uploads/photography/photography-travel-places-13.jpg	302810
https://images.squarespace-cdn.com/content/v1/605f90c01546194a009043ce/3ba01b4d-8197-4c01-8563-fe87d2d6b330/image_6483441-2.JPG	assets/uploads/photography/photography-travel-places-14.jpg	286675
